acc_lab,3786
adamkiewicz_lab,718
anderson_lab,779
aneeman_lab,718
anorisar_lab,718
arguelles_delgado_lab,21439
aryee_lab,718
ascherio_lab,718
aseigal_lab,11792
avillar_lab,1448
barnett_lab,718
bauhoff_lab,718
beam_lab,718
bertoldi_lab,3786
betensky_lab,718
bfarrell_lab,298
bhi_lab,1951
bicepdata_group,120
bloxham_lab,1177
brain_lab,718
brenner_lab,14314
bsabatini_lab,0
buckee_lab,718
burleigh_lab,718
cai_lab,718
catteruccia_lab,718
cgolden_lab,718
chavarro_lab,718
chen_lab,718
christiani_lab,718
clange_lab,718
cluster_users,387253
conroy_lab,2216
coull_lab,718
dahabreh_lab,718
dam_lab,21941
danaei_lab,718
davies_lab,844
dcanning_lab,718
desai_lab,892
dickerman_lab,718
doeleman_lab,1951
dominici_lab,718
doria_lab,718
doshi-velez_lab,796
drgold_lab,718
dsouza_lab,796
duan_lab,718
duraisingh_lab,718
dvorkin_lab,834
dwang_lab,718
dwirth_lab,718
eddy_lab,45660
edwards_lab,796
eisenstein_lab,1448
ejrubin_lab,718
enos_lab,834
fawzi_lab,718
finkbeiner_lab,1448
friend_lab,796
garrett_lab,718
gelaye_lab,718
gershman_lab,758
giribet_lab,796
gjchan_lab,718
goodman_lab,1448
grad_lab,718
ha_lab,718
haber_lab,718
hanage_lab,718
haneuse_lab,718
hankyang_lab,103001
hernan_lab,718
hernquist_external,50
hernquist_lab,2569
hhealy_lab,718
hills_lab,892
hoekstra_lab,1046
holman_lab,1448
hotamisligil_lab,718
hsph_bioinfo,718
htiemeier_lab,718
huttenhower_lab,814
huybers_lab,877
iaifi_lab,27929
icecube,512
informatics,1100
irizarry_lab,718
ishii_lab,828
itc_lab,1448
jacob_lab,1266
jacobsen_lab,796
jallen_lab,718
janson_lab,1414
jessicacohen_lab,718
jimaieaton_lab,718
jjohnson_lab,1448
jlepen_lab,718
joonholee_lab,1967
jpark_lab,718
jrohr_lab,718
jschwartz_lab,718
jshapiro_lab,1084
jubellacker_lab,718
junweil_lab,718
kawachi_lab,718
kaxiras_lab,796
kcorbetthelaire_lab,718
ke_lab,844
keith_lab_seas,857
kempner_albergo_lab,99253
kempner_alvarez_lab,94659
kempner_amin_lab,89233
kempner_ba_lab,113944
kempner_barak_lab,94659
kempner_bingbin_lab,11343
kempner_binxuwang_lab,11343
kempner_bsabatini_lab,105393
kempner_dam_lab,127802
kempner_dev,1700
kempner_dgc_lab,11343
kempner_eamematsro_lab,11343
kempner_gershman_lab,32895
kempner_gil_lab,32895
kempner_grads,282319
kempner_gtuckute_lab,11343
kempner_hms,35290
kempner_horgad_lab,11343
kempner_ijones_lab,11343
kempner_kdbrantley_lab,99253
kempner_konkle_lab,94659
kempner_krajan_lab,112114
kempner_lab,12045
kempner_marks_lab,1
kempner_mfarhat_lab,1
kempner_murphy_lab,32895
kempner_murthy_users,32895
kempner_mzitnik_lab,107520
kempner_noorsajid_lab,11343
kempner_pehlevan_lab,105299
kempner_pgozdil_lab,11343
kempner_poesia_lab,11343
kempner_pslade_lab,32895
kempner_qianqian_lab,99253
kempner_rcai_lab,11343
kempner_rhakim_lab,11343
kempner_schung_lab,99253
kempner_sham_lab,110978
kempner_sitanc_lab,89233
kempner_sompolinsky_lab,9642
kempner_test,100
kempner_undergrads,9642
kempner_wcarvalho_lab,11343
kempner_wdorrell_lab,11343
kempner_wharper_lab,1
kempner_ydu_lab,99253
keto_lab,1448
kiyoul_lab,11792
knadeau_lab,718
koumoutsakos_lab,111735
koutrakis_lab,718
kovac_lab,2014
kozinsky_lab,8986
kraft_lab,718
krajan_lab,0
krieger_lab,718
kuang_lab,2196
kubzansky_lab,718
lberkman_lab,718
lconnor_lab,1448
lemos_lab,718
liang_lab,718
lkewley_lab,1448
linz_lab,2783
lipsitch_lab,718
loeb_lab,2699
lpinello_lab,718
lukin_lab,796
luqi_lab,718
marks_lab,0
martin_lab_seas,298
mattsmith_lab,718
mcastro_lab,718
mccoll_lab,1310
mcconnell_lab,718
mcelroy_lab,779
meade_lab,828
menzies_lab,718
meyer_lab,718
mfarhat_lab,0
michor_lab,718
miller_lab,718
mitrovica_lab,828
mmacleod_lab,1448
mmurray_lab,718
moorcroft_lab,1355
mucci_lab,718
mukherjee_lab,718
murphy_lab,854
mwang_lab_hsph,718
mweber_lab,139689
mweisskopf_lab,718
mzitnik_lab,0
nagel_lab,718
narayan_lab,2699
natarajan_lab,1951
neafsey_lab,718
nethery_lab,718
nguyen_lab,814
nhejazi_lab,1102
ni_lab,748
nkory_lab,718
novitsky_lab,718
oberg_lab,1448
olveczky_lab,978
onnela_lab,718
ortegahernandez_lab,1218
pandya_lab,718
papatheodorou_lab,718
parkes_lab,690
parkes_low_priority,10
parmigiani_lab,718
pehlevan_lab,892
pgao_lab,718
price_lab,718
pslade_lab,32715
pwilliams_lab,718
quackenbush_lab,23125
rhamad_lab,718
rich_edwards_lab,718
rimm_lab,718
rivas_lab,873
rmcnamara_lab,718
robins_lab,718
rongma_lab,718
ronn_lab,718
rosenthal_lab,718
rwang_lab,718
sasselov_lab,1448
sbrummel_lab,718
schrag_lab,877
sfortune_lab,718
sgopinath_lab,718
shakhnovich_lab,844
shaw_lab,286
siag_lab,28159
sinaiko_lab,718
sitanc_lab,11158
smith-warner_lab,718
sommers_lab,718
song_lab,718
spengler_lab,718
spiegelman_lab,718
sromerobrufau_lab,718
stephenson_lab,718
stopsack_lab,718
strominger_lab,1951
stubbs_lab,1448
subramanian_lab,718
sun_lab,718
sunderland_lab,337
sur_lab,64905
tambe_lab,892
terry_lab,718
testa_lab,718
thomas_tsai_lab,718
tvanderweele_lab,718
tziperman_lab,797
ullman_lab,758
vanrooyen_lab,718
verguet_lab,718
viegas_lab,34976
vishwanath_lab,796
wattenberg_lab,34976
wharper_lab,0
whipple_lab,988
williams_lab,718
wofsy_lab,1248
wordsworth_lab,1105
xchen_lab,1448
xiaoying_lab,718
xlin,1813
xuehong_zhang_lab,718
yao_lab,12441
yau2_lab,1951
ydu_lab,42197
yin_lab,892
ymaepi_lab,718
zanobetti_lab,718
zhuang_lab,2143
zjw_lab,718
zon_lab,796
